<manifest alg="2" build="2015.0.2.310" opt="true" iceEnabled="true" iceMarkupVersion="2" exportTarget="other" domain="farmhouse.co.zw" resolutions="1x" timestamp="1455911252245">
  <folder name="css">
    <file name="site_global.css" crc="4052507572"/>
    <file name="index.css" crc="42902621" ref="index"/>
  </folder>
  <folder name="scripts">
    <file name="jquery-1.8.3.min.js" crc="196614522" ref="index"/>
    <file name="museutils.js" crc="275725342" ref="index"/>
    <file name="jquery.musemenu.js" crc="4042164668" ref="index"/>
    <file name="jquery.watch.js" crc="3999102769" ref="index"/>
    <file name="webpro.js" crc="3883484123" ref="index"/>
    <file name="musewpdisclosure.js" crc="404074387" ref="index"/>
    <file name="html5shiv.js" crc="4241844378" ref="index"/>
  </folder>
  <folder name="images">
    <file name="farmhouse2.png" crc="3760759409" seo="true" ref="index"/>
    <file name="free shipping.png" crc="307172899" seo="true" ref="index"/>
    <file name="fresh.png" crc="3787661357" seo="true" ref="index"/>
    <file name="trusted.png" crc="385673136" seo="true" ref="index"/>
    <file name="blank.gif" crc="4208392903" ref="index"/>
    <file name="u125.png" crc="4189225677" ref="index"/>
    <file name="u125-r.png" crc="452408285" ref="index"/>
    <file name="u125-m.png" crc="452408285" ref="index"/>
    <file name="u125-a.png" crc="6708231" ref="index"/>
    <file name="u131.png" crc="85404295" ref="index"/>
    <file name="u131-r.png" crc="374101566" ref="index"/>
    <file name="u131-m.png" crc="374101566" ref="index"/>
    <file name="u131-a.png" crc="3972929271" ref="index"/>
    <file name="u135.png" crc="3995550276" ref="index"/>
    <file name="u135-r.png" crc="315554366" ref="index"/>
    <file name="u135-m.png" crc="315554366" ref="index"/>
    <file name="u135-a.png" crc="353343715" ref="index"/>
    <file name="u137.png" crc="232206814" ref="index"/>
    <file name="u137-r.png" crc="296097657" ref="index"/>
    <file name="u137-m.png" crc="296097657" ref="index"/>
    <file name="u137-a.png" crc="110801200" ref="index"/>
    <file name="u141.png" crc="3806169661" ref="index"/>
    <file name="u141-r.png" crc="314198665" ref="index"/>
    <file name="u141-m.png" crc="314198665" ref="index"/>
    <file name="u141-a.png" crc="3898635411" ref="index"/>
    <file name="u179.png" crc="4163996078" ref="index"/>
    <file name="u179-r.png" crc="3960567979" ref="index"/>
    <file name="u179-m.png" crc="3960567979" ref="index"/>
    <file name="u179-a.png" crc="4280674538" ref="index"/>
    <file name="u222.png" crc="202835814" ref="index"/>
    <file name="u222-r.png" crc="357469297" ref="index"/>
    <file name="u222-m.png" crc="357469297" ref="index"/>
    <file name="u222-a.png" crc="4287350549" ref="index"/>
    <file name="telecash-logo-low-res-01.jpg" crc="176271719" seo="true" ref="index"/>
  </folder>
  <file name="index.html" crc="4067925281" seo="true" mt="1455911228089" redirect="true"/>
</manifest>